[{"0":"Receipt No.\nCompletion Time\nDetails\nTransaction Status\nPaid In\nWithdrawn\nBalance","1":"","2":"","3":"","4":"","5":"","6":""},{"0":"RF498F52QD","1":"2023-06-04 18:38:05","2":"Merchant Payment Online to\n729341 - KABZ FRIES\u2026","3":"Completed","4":"","5":"-230.00","6":"20,401.30"},{"0":"RF438D8O2D","1":"2023-06-04 18:23:42","2":"Airtime Purchase","3":"Completed","4":"","5":"-100.00","6":"20,631.30"},{"0":"RF416L092N","1":"2023-06-04 02:10:18","2":"Pay Bill Online to 150501 -\nSAFARICOMHOME Acc. 11375480","3":"Completed","4":"","5":"-2,927.00","6":"20,731.30"},{"0":"RF3156CTTF","1":"2023-06-03 16:36:35","2":"Merchant Payment Online to\n884651 - TMGLITZS.","3":"Completed","4":"","5":"-510.00","6":"23,658.30"},{"0":"RF384H99CW","1":"2023-06-03 12:45:00","2":"Merchant Payment Online to\n7224416 - GLADYS WANGUI A.","3":"Completed","4":"","5":"-200.00","6":"24,168.30"},{"0":"RF3849FU2I","1":"2023-06-03 11:26:46","2":"Merchant Payment Online to\n884651 - TMGLITZS.","3":"Completed","4":"","5":"-370.00","6":"24,368.30"},{"0":"RF292BZR4P","1":"2023-06-02 17:33:14","2":"Pay Bill Charge","3":"Completed","4":"","5":"-65.00","6":"24,738.30"},{"0":"RF292BZR4P","1":"2023-06-02 17:33:14","2":"Pay Bill Online to 614068 -\nUMOJA WENDANI SACCO LIMITED\nAcc. LN11804","3":"Completed","4":"","5":"-25,000.00","6":"24,803.30"},{"0":"RF292B6P7D","1":"2023-06-02 17:27:03","2":"Merchant Payment Online to\n7377493 - Brian Kinyanjui","3":"Completed","4":"","5":"-355.00","6":"49,803.30"},{"0":"RF23271IUZ","1":"2023-06-02 16:53:09","2":"Merchant Payment Online to\n729341 - KABZ FRIES\u2026","3":"Completed","4":"","5":"-230.00","6":"50,158.30"},{"0":"RF251PSUIN","1":"2023-06-02 14:08:06","2":"Customer Transfer of Funds\nCharge","3":"Completed","4":"","5":"-102.00","6":"50,388.30"},{"0":"RF251PSUIN","1":"2023-06-02 14:08:06","2":"Customer Transfer to -\n2547******776 DAVID NDAMBO","3":"Completed","4":"","5":"-15,330.00","6":"50,490.30"},{"0":"RF201L77VI","1":"2023-06-02 13:23:55","2":"Merchant Payment Online to\n884651 - TMGLITZS.","3":"Completed","4":"","5":"-410.00","6":"65,820.30"},{"0":"RF281K459O","1":"2023-06-02 13:13:16","2":"Airtime Purchase","3":"Completed","4":"","5":"-100.00","6":"66,230.30"},{"0":"RF15YIBMEL","1":"2023-06-01 18:06:05","2":"Merchant Payment Online to\n729341 - KABZ FRIES\u2026","3":"Completed","4":"","5":"-200.00","6":"66,330.30"},{"0":"REV8VHA6Y0","1":"2023-05-31 17:36:43","2":"Merchant Payment Online to\n884651 - TMGLITZS.","3":"Completed","4":"","5":"-415.00","6":"66,530.30"},{"0":"REU1T0FT8F","1":"2023-05-30 19:12:35","2":"Merchant Payment Online to\n7377493 - Brian Kinyanjui","3":"Completed","4":"","5":"-440.00","6":"66,945.30"},{"0":"REU4SZRVOY","1":"2023-05-30 19:08:36","2":"Merchant Payment Online to\n884651 - TMGLITZS.","3":"Completed","4":"","5":"-70.00","6":"67,385.30"},{"0":"REU0SKLK0Q","1":"2023-05-30 17:21:31","2":"Merchant Payment Online to\n729341 - KABZ FRIES\u2026","3":"Completed","4":"","5":"-260.00","6":"67,455.30"},{"0":"REU9RYBSF9","1":"2023-05-30 13:38:53","2":"Card Pay Bill Online to 903470 -\nM-PESA GlobalPay Acc.\n0383150383322458 GOOGLE\n*Badoo g.co\/helppay#US","3":"Completed","4":"","5":"-165.60","6":"67,715.30"},{"0":"REU2RHZ5SA","1":"2023-05-30 10:44:40","2":"Merchant Payment to 884651 -\nTMGLITZS.","3":"Completed","4":"","5":"-185.00","6":"67,880.90"},{"0":"RET4PCJERC","1":"2023-05-29 14:47:44","2":"Card Pay Bill Online to 903470 -\nM-PESA GlobalPay Acc.\n0463149424633791\nNETFLIX.COM 4087249160 NL","3":"Completed","4":"","5":"-724.50","6":"68,065.90"}]